name,type,level_rank,race,attribute,atk,def
Delg the Dark Monarch,Effect Monster,6,Spellcaster,DARK,2400,1000
Elemental HERO Burstinatrix,Normal Monster,3,Warrior,FIRE,1200,800
Rose Fairy,Effect Monster,3,Plant,WIND,600,1200
Steelswarm Genome,Effect Monster,2,Fiend,DARK,1000,0
Psychic Kappa,Normal Monster,2,Aqua,WATER,400,1000
Elemental HERO Gaia,Fusion Monster,6,Warrior,EARTH,2200,2600
Naturia Eggplant,Effect Monster,2,Plant,EARTH,1000,700
Little D (yes its real),Normal Monster,3,Dinosaur,EARTH,1100,700
Quickdraw Synchron,Tuner Monster,5,Machine,WIND,700,1400
Infernity Doom Dragon,Synchro Monster,8,Dragon,DARK,3000,2400
Ally of Justice Omni-Weapon,Effect Monster,5,Machine,DARK,2200,800
Windwitch - Ice Bell,Effect Monster,3,Spellcaster,WIND,1000,1000
Ally of Justice Catastor,Synchro Monster,5,Machine,DARK,2200,1200
Shiranui Spectralsword,Tuner Monster,2,Zombie,FIRE,800,0
Harpie Harpist,Effect Monster,4,Winged Beast,WIND,1700,600
Dino-Sewing,Effect Monster,4,Fiend,EARTH,0,0
Elder Entity Norden,Fusion Monster,4,Fairy,WATER,2000,2200
Thunder King the Lightningstrike Kaiju,Effect Monster,9,Thunder,LIGHT,3300,2100
Winged Kuriboh,Effect Monster,1,Fairy,LIGHT,300,200
Blackwing - Decay the Ill Wind,Tuner Monster,4,Winged Beast,DARK,1000,1000
Armed Samurai - Ben Kei,Effect Monster,4,Warrior,DARK,500,800
Worm Zero,Fusion Monster,10,Reptile,LIGHT,0,0
Super Quantal Mech Beast Magnaliger,XYZ Monster,5,Machine,FIRE,2600,2000
Performapal Partnaga,Pendulum Effect Monster,5,Reptile,EARTH,500,2100
Samurai Cavalry of Reptier,Pendulum Effect Monster,4,Dinosaur,EARTH,1800,1200
Water Spirit,Normal Tuner Monster,1,Aqua,WATER,400,1200
Sacred Phoenix of Nephthys,Effect Monster,8,Winged Beast,FIRE,2400,1600
Ninja Grandmaster Sasuke,Effect Monster,4,Warrior,LIGHT,1800,1000
Dark General Freed,Effect Monster,5,Warrior,DARK,2300,1700
Shaddoll Hedgehog,Flip Effect Monster,3,Spellcaster,DARK,800,200
Junk Synchron,Tuner Monster,3,Warrior,DARK,1300,500
Deep-Space Cruiser IX,Effect Monster,9,Machine,LIGHT,900,900
Crystal Beast Ruby Carbuncle,Effect Monster,3,Fairy,LIGHT,300,300
Petit Dragon,Normal Monster,2,Dragon,WIND,600,700
Cyber Angel Idaten,Ritual Effect Monster,6,Fairy,LIGHT,1600,2000
Kozmo Tincan,Effect Monster,1,Psychic,LIGHT,0,0
Bahamut Shark,XYZ Monster,4,Sea Serpent,WATER,2600,2100
Trident Dragion,Synchro Monster,10,Dragon,FIRE,3000,2800
Junk Collector,Effect Monster,5,Warrior,LIGHT,1000,2200
Evolsaur Cerato,Effect Monster,4,Dinosaur,FIRE,1900,1400
Satellarknight Betelgeuse,Effect Monster,4,Warrior,LIGHT,700,1900
Necro Linker,Effect Monster,2,Fiend,DARK,600,0
Hungry Burger,Ritual Monster,6,Warrior,DARK,2000,1850
Dodger Dragon,Effect Monster,4,Dragon,WIND,1900,1200
Aromage Rosemary,Effect Monster,4,Plant,WATER,1800,700
Griggle,Effect Monster,1,Plant,EARTH,350,300
Skelengel,Flip Effect Monster,2,Fairy,LIGHT,900,400
Corroding Shark,Normal Monster,3,Zombie,DARK,1100,700
Genex Ally Duradark,Effect Monster,4,Machine,DARK,1800,200
Naturia Leodrake,Synchro Monster,9,Beast,EARTH,3000,1800
Abaki,Effect Monster,4,Fiend,FIRE,1700,1100
Serpentine Princess,Effect Monster,4,Reptile,WATER,1400,2000
Soprano the Melodious Songstress,Effect Monster,4,Fairy,LIGHT,1400,1400
The Wicked Eraser,Effect Monster,10,Fiend,DARK,0,0
Maju Garzett,Effect Monster,7,Fiend,DARK,0,0
Zoodiac Ramram,Effect Monster,4,Beast-Warrior,EARTH,400,2000
Brotherhood of the Fire Fist - Rooster,Effect Monster,3,Beast-Warrior,FIRE,1500,100
B.E.S. Covered Core,Effect Monster,7,Machine,EARTH,2500,800
Sergeant Electro,Effect Monster,4,Machine,FIRE,1600,1300
Odd-Eyes Mirage Dragon,Pendulum Effect Monster,3,Dragon,DARK,1200,600
Panther Shark,Effect Monster,5,Fish,WATER,1100,2000
Evil HERO Lightning Golem,Fusion Monster,6,Fiend,LIGHT,2400,1500
Koa ki Meiru Wall,Effect Monster,4,Rock,EARTH,1900,1200
Celestial Wolf Lord Blue Sirius,Synchro Monster,6,Beast-Warrior,DARK,2400,1500
Night Assailant,Flip Effect Monster,3,Fiend,DARK,200,500
Violet Witch,Effect Monster,4,Spellcaster,DARK,1100,1200
Evolsaur Diplo,Effect Monster,4,Dinosaur,FIRE,1600,800
Key Mace 2,Normal Monster,4,Fiend,DARK,1050,1200
Dragonecro Nethersoul Dragon,Fusion Monster,8,Dragon,DARK,3000,0
Alien Hypno,Gemini Monster,4,Reptile,WATER,1600,700
Inzektor Ant,Effect Monster,3,Insect,DARK,200,600
Gishki Shadow,Effect Monster,4,Sea Serpent,WATER,1200,1000
Blaze Fenix the Burning Bombardment Bird,Fusion Monster,8,Pyro,FIRE,2800,2300
Scrap Archfiend,Synchro Monster,7,Fiend,EARTH,2700,1800
Umbral Horror Ghoul,Effect Monster,4,Fiend,DARK,1800,0
Fiend s Hand,Normal Monster,2,Zombie,DARK,600,600
Nobledragon Magician,Pendulum Tuner Effect Monster,3,Spellcaster,FIRE,700,1400
Ancient Lizard Warrior,Normal Monster,4,Reptile,EARTH,1400,1100
Double Coston,Effect Monster,4,Zombie,DARK,1700,1650
Psychic Snail,Effect Monster,4,Psychic,EARTH,1900,1200
Dark Magician Girl,Effect Monster,6,Spellcaster,DARK,2000,1700
Blazing Inpachi,Normal Monster,4,Pyro,FIRE,1850,0
Gungnir Dragon of the Ice Barrier,Synchro Monster,7,Dragon,WATER,2500,1700
Hiro s Shadow Scout,Flip Effect Monster,2,Fiend,DARK,650,500
Flame Manipulator,Normal Monster,3,Spellcaster,FIRE,900,1000
Dark Magician,Normal Monster,7,Spellcaster,DARK,2500,2100
Belial - Marquis of Darkness,Effect Monster,8,Fiend,DARK,2800,2400
Naturia Landoise,Synchro Monster,7,Rock,EARTH,2350,1600
Shark Stickers,Effect Monster,3,Fish,WATER,200,1000
Noisy Gnat,Effect Monster,2,Insect,EARTH,700,300
Slifer the Sky Dragon,Effect Monster,10,Divine-Beast,DIVINE,0,0
Fortune Lady Light,Effect Monster,1,Spellcaster,LIGHT,0,0
Invoked Caliga,Fusion Monster,4,Beast,DARK,1000,1800
Frontier Wiseman,Effect Monster,3,Spellcaster,EARTH,1600,800
Rude Kaiser,Normal Monster,5,Beast-Warrior,EARTH,1800,1600
Gentlemander,Effect Monster,4,Reptile,LIGHT,1200,1000
Ascension Sky Dragon,Synchro Monster,10,Dragon,LIGHT,0,3000
Fluffal Dog,Effect Monster,4,Fairy,EARTH,1700,1000
Right Arm of the Forbidden One,Normal Monster,1,Spellcaster,DARK,200,300
Amorphage Pride,Pendulum Effect Monster,4,Dragon,EARTH,1750,0
Empress Judge,Fusion Monster,6,Warrior,EARTH,2100,1700
Crystron Thystvern,Effect Monster,3,Machine,WATER,1500,1500
Gimmick Puppet Nightmare,Effect Monster,8,Machine,DARK,1000,2000
Beiige Vanguard of Dark World,Effect Monster,4,Fiend,DARK,1600,1300
Divine Dragon Apocralyph,Effect Monster,4,Dragon,DARK,1000,1500
Shiranui Smith,Effect Monster,4,Zombie,FIRE,1000,0
Dark Lucius LV6,Effect Monster,6,Fiend,EARTH,1700,600
Warrior of Atlantis,Effect Monster,4,Aqua,WATER,1900,1200
Patrician of Darkness,Effect Monster,5,Zombie,DARK,2000,1400
Gear Golem the Moving Fortress,Effect Monster,4,Machine,EARTH,800,2200
Ally of Justice Rudra,Effect Monster,5,Machine,DARK,1900,1200
Harpie Lady 2,Effect Monster,4,Winged Beast,WIND,1300,1400
Paleozoic Opabinia,XYZ Monster,2,Aqua,WATER,0,2400
Elemental HERO Neos Knight,Fusion Monster,7,Warrior,LIGHT,2500,1000
Amazoness Fighter,Effect Monster,4,Warrior,EARTH,1500,1300
Reshef the Dark Being,Ritual Effect Monster,8,Fiend,LIGHT,2500,1500
Superheavy Samurai Prepped Defense,Effect Monster,3,Machine,EARTH,100,2100
Obnoxious Celtic Guard,Effect Monster,4,Warrior,EARTH,1400,1200
Mermail Abysslinde,Effect Monster,3,Aqua,WATER,1500,1200
Elemental HERO Poison Rose,Effect Monster,6,Plant,EARTH,1900,2000
Battlin  Boxer Glassjaw,Effect Monster,4,Warrior,FIRE,2000,0
Throwstone Unit,Effect Monster,4,Warrior,EARTH,900,2000
Gorz the Emissary of Darkness,Effect Monster,7,Fiend,DARK,2700,2500
Super Quantum Blue Layer,Effect Monster,3,Psychic,WATER,1200,2000
Black Luster Soldier - Envoy of the Beginning,Effect Monster,8,Warrior,LIGHT,3000,2500
Sylvan Princessprite,XYZ Monster,1,Plant,LIGHT,1800,100
Naturia Strawberry,Effect Monster,4,Plant,EARTH,1600,1200
Galaxy-Eyes Full Armor Photon Dragon,XYZ Monster,8,Dragon,LIGHT,4000,3500
Vivid Knight,Effect Monster,4,Beast-Warrior,LIGHT,1700,800
Tainted Wisdom,Effect Monster,3,Fiend,DARK,1250,800
Yamadron,Normal Monster,5,Dragon,FIRE,1600,1800
Musto Oracle of Gusto,Effect Monster,4,Psychic,WIND,1800,900
Dragon Horn Hunter,Pendulum Normal Monster,6,Warrior,DARK,2300,1000
Flame Ghost,Fusion Monster,3,Zombie,DARK,1000,800
Monoceros,Effect Monster,3,Beast,LIGHT,1000,1000
Felgrand Dragon,Effect Monster,8,Dragon,LIGHT,2800,2800
Daybreaker,Effect Monster,4,Warrior,LIGHT,1700,0
The Thing That Hides in the Mud,Normal Monster,4,Rock,EARTH,1200,1300
Evigishki Levianima,Ritual Effect Monster,8,Aqua,WATER,2700,1500
Burning Skull Head,Effect Monster,3,Zombie,FIRE,1000,800
Yosenju Tsujik,Effect Monster,4,Beast-Warrior,WIND,1000,0
Red-Eyes Wyvern,Effect Monster,4,Dragon,WIND,1800,1600
Dark Magician,Normal Monster,7,Spellcaster,DARK,2500,2100
Dragon Zombie,Normal Monster,3,Zombie,DARK,1600,0
Timaeus the Knight of Destiny,Fusion Monster,10,Warrior,LIGHT,0,0
Doki Doki,Effect Monster,2,Rock,EARTH,500,500
Dark Magician Girl,Effect Monster,6,Spellcaster,DARK,2000,1700
Morphtronic Magnen,Effect Monster,3,Thunder,EARTH,800,800
Evoltile Westlo,Flip Effect Monster,3,Reptile,FIRE,700,1900
The Creator Incarnate,Effect Monster,4,Warrior,LIGHT,1600,1500
Traptrix Rafflesia,XYZ Monster,4,Plant,EARTH,300,2500
Igknight Templar,Pendulum Normal Monster,4,Warrior,FIRE,1700,1300
T.G. Striker,Tuner Monster,2,Warrior,EARTH,800,0
Scrap Chimera,Effect Monster,4,Beast,EARTH,1700,500
Machina Gearframe,Union Effect Monster,4,Machine,EARTH,1800,0
Wall of Illusion,Effect Monster,4,Fiend,DARK,1000,1850
Majiosheldon,Effect Monster,3,Warrior,WATER,800,2000
Bujin Mikazuchi,Effect Monster,4,Beast-Warrior,LIGHT,1900,1500
Evolsaur Pelta,Effect Monster,4,Dinosaur,FIRE,1100,2000
Wow Warrior,Normal Monster,4,Fish,WATER,1250,900
Tanngrisnir of the Nordic Beasts,Effect Monster,3,Beast,EARTH,1200,800
Dark Voltanis,Effect Monster,8,Fairy,DARK,2800,1400
PSY-Framegear Gamma,Tuner Monster,2,Psychic,LIGHT,1000,0
Tin Archduke,XYZ Monster,4,Machine,EARTH,2200,1200
Ally of Justice Cycle Reader,Tuner Monster,3,Machine,DARK,1000,1000
Snowman Creator,Effect Monster,4,Machine,WATER,1600,1000
Embryonic Beast,Normal Monster,2,Fiend,DARK,500,750
Digital Bug Corebage,XYZ Monster,5,Insect,LIGHT,2200,1800
Shiba-Warrior Taro,Tuner Monster,2,Beast-Warrior,EARTH,800,600
Chronomaly Crystal Skull,Effect Monster,3,Rock,LIGHT,900,600
Poison Draw Frog,Effect Monster,2,Aqua,WATER,100,100
T.G. Wonder Magician,Synchro Tuner Monster,5,Spellcaster,LIGHT,1900,0
Invader of Darkness,Effect Monster,8,Fiend,DARK,2900,2500
Fluffal Penguin,Effect Monster,4,Fairy,WATER,1600,1100
Angel of Zera,Synchro Monster,8,Fairy,LIGHT,2800,2300
Missing Force,Effect Monster,4,Warrior,DARK,1500,1000
The Winged Dragon of Ra,Effect Monster,10,Divine-Beast,DIVINE,0,0
Madolche Queen Tiaramisu,XYZ Monster,4,Fairy,EARTH,2200,2100
Renge Gatekeeper of Dark World,Normal Monster,4,Fiend,DARK,100,2100
Naturia Dragonfly,Effect Monster,4,Insect,EARTH,1200,400
Neo-Spacian Glow Moss,Effect Monster,3,Plant,LIGHT,300,900
Scrounging Goblin,Effect Monster,4,Fiend,EARTH,1000,2000
Triamid Dancer,Effect Monster,3,Rock,EARTH,600,1900
Ultimate Obedient Fiend,Effect Monster,10,Fiend,FIRE,3500,3000
Expressroid,Effect Monster,4,Machine,EARTH,400,1600
Winged Kuriboh,Effect Monster,1,Fairy,LIGHT,300,200
Meklord Astro Dragon Asterisk,Effect Monster,10,Machine,DARK,0,0
7 Colored Fish,Normal Monster,4,Fish,WATER,1800,800
Crimson Nova the Dark Cubic Lord,Effect Monster,10,Fiend,DARK,3000,0
Evoltile Gephyro,Effect Monster,1,Reptile,FIRE,200,400
Cybernetic Magician,Effect Monster,6,Spellcaster,LIGHT,2400,1000
Symphonic Warrior Basses,Tuner Monster,1,Machine,WIND,600,400
Megarock Dragon,Effect Monster,7,Rock,EARTH,0,0
Air Eater,Normal Monster,6,Fiend,WIND,2100,1600
Super Soldier Soul,Effect Monster,1,Warrior,EARTH,0,0
Spiritual Beast Cannahawk,Effect Monster,4,Thunder,WIND,1400,600
Water Element,Normal Monster,3,Aqua,WATER,900,700
Apprentice Illusion Magician,Effect Monster,6,Spellcaster,DARK,2000,1700
Doomdog Octhros,Effect Monster,3,Fiend,DARK,800,800
Steelswarm Sting,Effect Monster,4,Fiend,DARK,1850,0
Steelswarm Longhorn,Effect Monster,9,Fiend,DARK,3000,0
Mecha Phantom Beast Aerosguin,Effect Monster,3,Machine,WIND,1600,400
Cyber Twin Dragon,Fusion Monster,8,Machine,LIGHT,2800,2100
Queen s Bodyguard,Effect Monster,4,Warrior,EARTH,1700,1200
Dupe Frog,Effect Monster,2,Aqua,WATER,100,2000
Shiranui Samuraisaga,Synchro Monster,6,Zombie,FIRE,2500,0
Gem-Knight Master Diamond,Fusion Monster,9,Rock,EARTH,2900,2500
Featherizer,Effect Monster,2,Spellcaster,WIND,700,1100
Green Baboon Defender of the Forest,Effect Monster,7,Beast,EARTH,2600,1800
Krystal Dragon,Effect Monster,6,Dragon,LIGHT,2500,1000
Koa ki Meiru Ice,Effect Monster,4,Aqua,WATER,1900,1200
Archfiend Zombie-Skull,Synchro Monster,6,Zombie,DARK,2500,1200
Ronintoadin,Effect Monster,2,Aqua,WATER,100,2000
Soul Drain Dragon,Effect Monster,8,Dragon,LIGHT,4000,0
El Shaddoll Anoyatyllis,Fusion Monster,9,Fiend,WATER,2700,2000
Beta the Magnet Warrior,Normal Monster,4,Rock,EARTH,1700,1600
Colossal Fighter,Synchro Monster,8,Warrior,DARK,2800,1000
Venom Snake,Effect Monster,3,Reptile,EARTH,1200,600
Grave Protector,Effect Monster,4,Fiend,DARK,0,2000
Machina Cannon,Effect Monster,8,Machine,EARTH,0,2200
Vindikite R-Genex,Synchro Monster,8,Machine,WIND,2400,1000
Heavy Mech Support Armor,Union Effect Monster,3,Machine,LIGHT,500,500
Danipon,Effect Monster,2,Insect,EARTH,600,600
Gem-Knight Garnet,Normal Monster,4,Pyro,EARTH,1900,0
Masked HERO Dark Law,Fusion Monster,6,Warrior,DARK,2400,1800
Dragon Spirit of White,Effect Monster,8,Dragon,LIGHT,2500,2000
Blackwing - Damascus the Polar Night,Effect Monster,3,Winged Beast,DARK,1300,700
Dragon Dowser,Effect Monster,4,Wyrm,EARTH,1500,1500
Gyroid,Effect Monster,3,Machine,WIND,1000,1000
Arcanite Magician,Synchro Monster,7,Spellcaster,LIGHT,400,1800
Gorgonic Cerberus,Effect Monster,3,Rock,DARK,1300,300
Masked Beast Des Gardius,Effect Monster,8,Fiend,DARK,3300,2500
Yamatano Dragon Scroll,Normal Monster,2,Dragon,WIND,900,300
Worm Falco,Flip Effect Monster,2,Reptile,LIGHT,500,800
PSY-Frame Driver,Normal Monster,6,Psychic,LIGHT,2500,0
Mecha Phantom Beast Sabre Hawk,Effect Monster,4,Machine,WIND,2100,100
Cyberdark Horn,Effect Monster,4,Machine,DARK,800,800
Zure Knight of Dark World,Normal Monster,4,Fiend,DARK,1800,1500
Gale Dogra,Effect Monster,2,Insect,EARTH,650,600
Winged Egg of New Life,Normal Monster,5,Fairy,LIGHT,1400,1700
Dark Artist,Effect Monster,3,Fiend,DARK,600,1400
Frightfur Kraken,Fusion Monster,8,Fiend,WATER,2200,3000
Rapid-Fire Magician,Effect Monster,4,Spellcaster,DARK,1600,1200
Bujingi Peacock,Effect Monster,4,Winged Beast,LIGHT,1800,700
Sand Stone,Normal Monster,5,Rock,EARTH,1300,1600
Evolsaur Elias,Effect Monster,6,Dinosaur,FIRE,100,2400
Multiple Piece Golem,Fusion Monster,7,Rock,EARTH,2600,1300
Queen s Knight,Normal Monster,4,Warrior,LIGHT,1500,1600
Chiwen Light of the Yang Zing,Tuner Monster,1,Wyrm,LIGHT,0,0
Spirit of Flames,Effect Monster,4,Pyro,FIRE,1700,1000
Geo Genex,Synchro Monster,6,Machine,EARTH,1800,2800
Crystal Beast Topaz Tiger,Effect Monster,4,Beast,EARTH,1600,1000
Shadowpriestess of Ohm,Effect Monster,4,Spellcaster,DARK,1700,1600
Red Rising Dragon,Synchro Monster,6,Dragon,DARK,2100,1600
Ljosalf of the Nordic Alfar,Effect Monster,4,Spellcaster,LIGHT,1400,1200
Spy-C-Spy,Effect Monster,3,Warrior,FIRE,1200,1300
The Legendary Fisherman III,Effect Monster,7,Warrior,WATER,2500,2000
Sangan,Effect Monster,3,Fiend,DARK,1000,600
Change Slime,Normal Monster,1,Aqua,WATER,400,300
Moon Envoy,Normal Monster,4,Warrior,LIGHT,1100,1000
Queen of Autumn Leaves,Normal Monster,5,Plant,EARTH,1800,1500
Eyearmor,Normal Monster,2,Warrior,EARTH,600,500
Greenkappa,Flip Effect Monster,3,Warrior,DARK,650,900
Flower Cardian Zebra Grass with Moon,Effect Monster,8,Warrior,DARK,2000,2000
Rocket Warrior,Effect Monster,4,Warrior,LIGHT,1500,1300
Numen erat Testudo,Effect Monster,5,Aqua,WATER,1800,0
Chocolate Magician Girl,Effect Monster,4,Spellcaster,WATER,1600,1000
Dragunity Brandistock,Tuner Monster,1,Dragon,WIND,600,400
Justice Bringer,Effect Monster,4,Warrior,EARTH,1700,1000
Crystal Beast Emerald Tortoise,Effect Monster,3,Aqua,WATER,600,2000
Hand of Nephthys,Effect Monster,2,Spellcaster,WIND,600,600
Uminotaurus,Effect Monster,4,Aqua,WATER,1700,1000
Genesis Dragon,Effect Monster,6,Dragon,LIGHT,2200,1800
Performage Hat Tricker,Effect Monster,4,Spellcaster,EARTH,1100,1100
Assault Blackwing - Kunai the Drizzle,Effect Monster,5,Winged Beast,DARK,2100,1600
Mira the Star-Bearer,XYZ Monster,1,Warrior,LIGHT,1100,1000
Kinka-byo,Spirit Monster,1,Beast,DARK,400,200
Turbo Warrior,Synchro Monster,6,Warrior,WIND,2500,1500
Skull Red Bird,Normal Monster,4,Winged Beast,WIND,1550,1200
Mermail Abyssmegalo,Effect Monster,7,Sea Serpent,WATER,2400,1900
Phoenix Beast Gairuda,Effect Monster,6,Winged Beast,WIND,2500,1200
Shire Lightsworn Spirit,Effect Monster,3,Fairy,LIGHT,400,1400
Giant Flea,Normal Monster,4,Insect,EARTH,1500,1200
Flame Swordsman,Fusion Monster,5,Warrior,FIRE,1800,1600
Creation Resonator,Tuner Monster,3,Fiend,WIND,800,600
Noble Knight Bedwyr,Effect Monster,4,Warrior,LIGHT,1600,1500
Armed Sea Hunter,Effect Monster,4,Sea Serpent,WATER,1800,400
Guard Dog,Flip Effect Monster,3,Beast,EARTH,1500,500
Darklord Ixchel,Effect Monster,10,Fairy,DARK,2500,2900
Bee List Soldier,Effect Monster,1,Insect,WIND,500,400
Naturia Stinkbug,Tuner Monster,3,Insect,EARTH,200,500
Atlantean Attack Squad,Effect Monster,3,Sea Serpent,WATER,1400,0
Big Jaws,Effect Monster,3,Fish,WATER,1800,300
Garbage Ogre,Effect Monster,3,Fiend,DARK,800,1300
Leo the Keeper of the Sacred Tree,Synchro Monster,10,Beast,EARTH,3100,1900
Laval Cannon,Effect Monster,4,Warrior,FIRE,1600,900
Rinyan Lightsworn Rogue,Flip Effect Monster,2,Beast,LIGHT,100,100
Djinn Prognosticator of Rituals,Effect Monster,3,Fiend,DARK,400,300
Cyber Dragon,Effect Monster,5,Machine,LIGHT,2100,1600
Fabled Valkyrus,Synchro Monster,8,Fiend,LIGHT,2900,1700
Noble Knight Joan,Effect Monster,4,Warrior,LIGHT,1900,1300
Elemental HERO Dark Neos,Fusion Monster,7,Warrior,DARK,2500,2000
Gladiator Beast Lanista,Effect Monster,4,Winged Beast,WIND,1800,1200
Ritual Beast Ulti-Gaiapelio,Fusion Monster,10,Psychic,LIGHT,3200,2100
Superheavy Samurai Battleball,Tuner Monster,2,Machine,DARK,100,800
Gene-Warped Warwolf,Normal Monster,4,Beast-Warrior,EARTH,2000,100
Abyss Dweller,XYZ Monster,4,Sea Serpent,WATER,1700,1400
Megazowler,Normal Monster,6,Dinosaur,EARTH,1800,2000
Pitch-Black Warwolf,Effect Monster,4,Beast-Warrior,DARK,1600,600
Dystopia the Despondent,Effect Monster,12,Fiend,DARK,5000,5000
Schwarzschild Limit Dragon,Effect Monster,8,Dragon,DARK,2000,0
Lesser Fiend,Effect Monster,5,Fiend,DARK,2100,1000
Monsturtle,Normal Monster,3,Aqua,WATER,800,1000
Wicked Dragon with the Ersatz Head,Normal Monster,3,Dragon,WIND,900,900
Turtle Tiger,Normal Monster,4,Aqua,WATER,1000,1500
Volcanic Slicer,Effect Monster,4,Pyro,FIRE,1800,1200
Performapal Pendulum Sorcerer,Pendulum Effect Monster,4,Spellcaster,EARTH,1500,800
Ancient Gear Gadjiltron Dragon,Effect Monster,8,Machine,EARTH,3000,2000
Snowdust Dragon,Effect Monster,8,Dragon,WATER,2800,1800
Protector with Eyes of Blue,Tuner Monster,1,Spellcaster,LIGHT,800,1300
Grandsoil the Elemental Lord,Effect Monster,8,Beast-Warrior,EARTH,2800,2200
The Phantom Knights of Ragged Gloves,Effect Monster,3,Warrior,DARK,1000,500
Roulette Barrel,Effect Monster,4,Machine,LIGHT,1000,2000
Ojama Yellow,Normal Monster,2,Beast,LIGHT,0,1000
Lucius the Shadow Vassal,Effect Monster,1,Fiend,DARK,800,1000
Worm Prince,Effect Monster,6,Reptile,LIGHT,2200,400
Evil HERO Infernal Prodigy,Effect Monster,2,Fiend,DARK,300,600
Ghostrick Yuki-onna,Effect Monster,2,Spellcaster,DARK,1000,800
Tyhone 2,Normal Monster,6,Dragon,FIRE,1700,1900
Wisdom-Eye Magician,Pendulum Effect Monster,4,Spellcaster,LIGHT,1500,1500
Koa ki Meiru Valafar,Effect Monster,8,Fiend,FIRE,3000,2100
Laval Lancelord,Effect Monster,6,Warrior,FIRE,2100,200
Sephylon the Ultimate Timelord,Effect Monster,10,Fairy,LIGHT,4000,4000
Dragunity Partisan,Tuner Monster,2,Dragon,WIND,1200,800
Vylon Sphere,Tuner Monster,1,Machine,LIGHT,400,400
Pragtical,Fusion Monster,5,Dinosaur,EARTH,1900,1500
Gladiator Beast Octavius,Effect Monster,7,Winged Beast,LIGHT,2500,1200
Heroic Challenger - Spartan,Effect Monster,4,Warrior,EARTH,1600,1000
M-X-Saber Invoker,XYZ Monster,3,Warrior,EARTH,1600,500
Arcana Force EX - The Dark Ruler,Effect Monster,10,Fairy,LIGHT,4000,4000
Elemental HERO Darkbright,Fusion Monster,6,Warrior,DARK,2000,1000
Magical Android,Synchro Monster,5,Psychic,LIGHT,2400,1700
Laval Stennon,Synchro Monster,7,Pyro,FIRE,2700,1800
Coach Soldier Wolfbark,Effect Monster,4,Beast-Warrior,FIRE,1600,1200
Turbo Booster,Effect Monster,1,Machine,EARTH,0,0
Darkflare Dragon,Effect Monster,5,Dragon,DARK,2400,1200
Fairy Tail - Snow,Effect Monster,4,Spellcaster,LIGHT,1850,1000
Windrose the Elemental Lord,Effect Monster,8,Winged Beast,WIND,2800,2200
T.G. Power Gladiator,Synchro Monster,5,Warrior,EARTH,2300,1000
Eidos the Underworld Squire,Effect Monster,2,Spellcaster,DARK,800,1000
Coach Goblin,Effect Monster,4,Fiend,EARTH,1200,1500
Golden Flying Fish,Effect Monster,4,Fish,LIGHT,1700,1000
Iron Chain Repairman,Effect Monster,4,Warrior,EARTH,1600,1200
Dark Magician,Normal Monster,7,Spellcaster,DARK,2500,2100
Rage of the Deep Sea,Effect Monster,5,Fish,WATER,0,0
Vorse Raider,Normal Monster,4,Beast-Warrior,DARK,1900,1200
Summoned Skull,Normal Monster,6,Fiend,DARK,2500,1200
Mirror Resonator,Tuner Monster,1,Fiend,LIGHT,0,0
Giltia the D. Knight,Fusion Monster,5,Warrior,LIGHT,1850,1500
Magical Merchant,Flip Effect Monster,1,Insect,LIGHT,200,700
Lionhearted Locomotive,Effect Monster,4,Machine,EARTH,2400,2100
Swarm of Scarabs,Effect Monster,3,Insect,DARK,500,1000
Lightning Rod Lord,Effect Monster,4,Thunder,LIGHT,1800,100
Obelisk the Tormentor,Effect Monster,10,Divine-Beast,DIVINE,4000,4000
Dorover,Normal Monster,3,Aqua,WATER,900,800
Evolzar Dolkka,XYZ Monster,4,Dragon,FIRE,2300,1700
Battlin  Boxer Veil,Effect Monster,4,Warrior,FIRE,0,1800
Black Salvo,Tuner Monster,3,Machine,DARK,100,1100
Mechanical Snail,Normal Monster,3,Machine,DARK,800,1000
Performapal Splashmammoth,Pendulum Effect Monster,6,Beast,WATER,1900,2300
Banisher of the Light,Effect Monster,3,Fairy,LIGHT,100,2000
Ra s Disciple,Effect Monster,4,Fairy,LIGHT,1100,600
Elemental HERO Escuridao,Fusion Monster,8,Warrior,DARK,2500,2000
Charging Gaia the Fierce Knight,Effect Monster,7,Warrior,LIGHT,2300,2100
Earthbound Linewalker,Effect Monster,4,Fiend,DARK,1200,1900
Umbral Horror Ghost,Effect Monster,2,Fiend,DARK,200,200
Versago the Destroyer,Effect Monster,3,Fiend,DARK,1100,900
Spirit of the Six Samurai,Union Effect Monster,3,Warrior,EARTH,500,500
Performapal Sleight Hand Magician,Effect Monster,7,Spellcaster,LIGHT,2500,2000
Mermail Abysstrite,XYZ Monster,3,Sea Serpent,WATER,1600,2800
Apoqliphort Towers,Effect Monster,10,Machine,EARTH,3000,2600
Blocker,Normal Monster,4,Machine,DARK,850,1800
Gamma the Magnet Warrior,Normal Monster,4,Rock,EARTH,1500,1800
Flame Swordsman,Fusion Monster,5,Warrior,FIRE,1800,1600
Frozen Fitzgerald,Synchro Monster,5,Fiend,WATER,2500,2500
Goyo Defender,Synchro Monster,3,Warrior,EARTH,1000,1000
Anti-Aircraft Flower,Effect Monster,3,Plant,EARTH,0,1600
Scarlight Red Dragon Archfiend,Synchro Monster,8,Dragon,DARK,3000,2500
Lord Gaia the Fierce Knight,Effect Monster,7,Warrior,EARTH,2300,2100
Meklord Army of Skiel,Effect Monster,4,Machine,WIND,1200,1000
Blackwing - Brisote the Tailwind,Effect Monster,5,Winged Beast,DARK,1200,1800
Melomelody the Brass Djinn,XYZ Monster,3,Fiend,LIGHT,1400,1600
Deepsea Macrotrema,Effect Monster,1,Fish,WATER,600,100
Makyura the Destructor,Effect Monster,4,Warrior,DARK,1600,1200
Winda Priestess of Gusto,Effect Monster,2,Psychic,WIND,1000,400
Jinzo - Returner,Effect Monster,3,Machine,DARK,600,1400
Dragon Manipulator,Flip Effect Monster,3,Warrior,EARTH,700,800
Junk Changer,Tuner Monster,3,Warrior,EARTH,1500,900
Totem Bird,XYZ Monster,3,Winged Beast,WIND,1900,1400
Infernal Dragon,Effect Monster,4,Dragon,DARK,2000,0
Starship Spy Plane,Effect Monster,4,Machine,WIND,1100,500
Road Warrior,Synchro Monster,8,Warrior,LIGHT,3000,1500
Overlay Owl,Effect Monster,4,Winged Beast,WIND,800,1600
Birdface,Effect Monster,4,Winged Beast,WIND,1600,1600
Souleater,Normal Monster,4,Fish,EARTH,1200,0
Armed Ninja,Flip Effect Monster,1,Warrior,EARTH,300,300
Bi an Earth of the Yang Zing,Effect Monster,3,Wyrm,EARTH,1600,0
El Shaddoll Shekhinaga,Fusion Monster,10,Machine,EARTH,2600,3000
Penguin Knight,Effect Monster,3,Aqua,WATER,900,800
Evoltile Pleuro,Effect Monster,1,Reptile,FIRE,200,200
Metalfoes Silverd,Pendulum Normal Monster,3,Psychic,FIRE,1700,100
The Gross Ghost of Fled Dreams,Normal Monster,4,Fiend,DARK,1300,1800
Mythical Beast Cerberus,Effect Monster,4,Spellcaster,LIGHT,1400,1400
Ryu-Kishin Powered,Normal Monster,4,Fiend,DARK,1600,1200
Charm of Shabti,Effect Monster,1,Rock,EARTH,100,100
Stellarknight Zefraxciton,Pendulum Effect Monster,4,Fiend,LIGHT,1900,0
Meda Bat,Normal Monster,2,Fiend,DARK,800,400
Phantom King Hydride,Tuner Monster,3,Fiend,DARK,1500,300
Hane-Hane,Flip Effect Monster,2,Beast,EARTH,450,500
Malice Doll of Demise,Effect Monster,4,Fiend,DARK,1600,1700
Block Golem,Effect Monster,3,Rock,EARTH,1000,1500
Criosphinx,Effect Monster,6,Rock,EARTH,1200,2400
The End of Anubis,Effect Monster,6,Fiend,DARK,2500,0
Empress of Prophecy,XYZ Monster,5,Spellcaster,LIGHT,2000,1700
Infernalqueen Archfiend,Effect Monster,4,Fiend,FIRE,900,1500
Stellarknight Constellar Diamond,XYZ Monster,5,Wyrm,LIGHT,2700,2000
Gatekeeper,Normal Monster,5,Machine,DARK,1500,1800
Geargiattacker,Effect Monster,4,Machine,EARTH,1900,100
Pilgrim Reaper,XYZ Monster,6,Zombie,DARK,0,0
Bone Mouse,Normal Monster,1,Zombie,DARK,400,300
Darklord Zerato,Effect Monster,8,Fairy,DARK,2800,2300
Tyler the Great Warrior,Effect Monster,8,Warrior,EARTH,3000,1500
Ally of Justice Core Destroyer,Effect Monster,3,Machine,DARK,1200,200
Jurrac Dino,Tuner Monster,3,Dinosaur,FIRE,1700,800
Gusto Thunbolt,Effect Monster,4,Thunder,WIND,1500,1200
The Agent of Wisdom - Mercury,Effect Monster,4,Fairy,LIGHT,0,1700
Vampire Grace,Effect Monster,6,Zombie,DARK,2000,1200
Lucky Pied Piper,Gemini Monster,4,Fairy,WIND,1500,500
Exxod Master of The Guard,Effect Monster,8,Rock,EARTH,0,4000
Uni-Zombie,Tuner Monster,3,Zombie,DARK,1300,0
Darksea Rescue,Effect Monster,1,Machine,DARK,0,0
White Magical Hat,Effect Monster,3,Spellcaster,LIGHT,1000,700
Blue-Eyes Ultimate Dragon,Fusion Monster,12,Dragon,LIGHT,4500,3800
Brotherhood of the Fire Fist - Coyote,Effect Monster,5,Beast-Warrior,FIRE,2000,500
Divine Dragon Aquabizarre,Effect Monster,5,Sea Serpent,WATER,2100,1500
The Judgement Hand,Normal Monster,3,Warrior,EARTH,1400,700
Spear Shark,Effect Monster,4,Fish,WATER,1600,1400
Pandora s Jewelry Box,Pendulum Effect Monster,4,Wyrm,DARK,1500,1500
Genomix Fighter,Tuner Monster,6,Psychic,WIND,2200,1100
Masked Clown,Normal Monster,2,Warrior,DARK,500,700
Weather Control,Normal Monster,2,Fairy,LIGHT,600,400
Ancient Sacred Wyvern,Synchro Monster,7,Fairy,LIGHT,2100,2000
Bujin Arasuda,Effect Monster,4,Beast-Warrior,LIGHT,1600,1900
Jurrac Guaiba,Effect Monster,4,Dinosaur,FIRE,1700,400
Darkbishop Archfiend,Effect Monster,3,Fiend,WATER,300,1400
Grass Phantom,Effect Monster,3,Plant,WATER,1000,1000
Inzektor Giga-Weevil,Effect Monster,6,Insect,DARK,0,2600
Sylvan Hermitree,Effect Monster,8,Plant,FIRE,2700,1800
The Big Saturn,Effect Monster,8,Machine,DARK,2800,2200
Labradorite Dragon,Normal Tuner Monster,6,Dragon,DARK,0,2400
Speedroid Red-Eyed Dice,Tuner Monster,1,Machine,WIND,100,100
Jinzo 7,Effect Monster,2,Machine,DARK,500,400
Bio-Mage,Normal Monster,3,Fairy,LIGHT,1150,1000
Chamberlain of the Six Samurai,Normal Monster,3,Warrior,EARTH,200,2000
Two-Mouth Darkruler,Normal Monster,3,Dinosaur,EARTH,900,700
Invitation to a Dark Sleep,Effect Monster,5,Spellcaster,DARK,1500,1800
Yubel - The Ultimate Nightmare,Effect Monster,12,Fiend,DARK,0,0
Fishborg Launcher,Tuner Monster,1,Fish,WATER,200,100
Elemental HERO Sparkman,Normal Monster,4,Warrior,LIGHT,1600,1400
Dinomist Brachion,Pendulum Effect Monster,5,Machine,WATER,2000,800
Reborn Tengu,Effect Monster,4,Beast-Warrior,WIND,1700,600
Galaxy-Eyes Cloudragon,Effect Monster,1,Dragon,LIGHT,300,250
Amazoness Queen,Effect Monster,6,Warrior,EARTH,2400,1800
Tiger Axe,Normal Monster,4,Beast-Warrior,EARTH,1300,1100
Skull Mariner,Normal Monster,4,Warrior,WATER,1600,900
Big Eye,Flip Effect Monster,4,Fiend,DARK,1200,1000
Naturia Beast,Synchro Monster,5,Beast,EARTH,2200,1700
Curtain of the Dark Ones,Normal Monster,2,Spellcaster,DARK,600,500
Gravi-Crush Dragon,Effect Monster,6,Dragon,DARK,2400,1200
Boneheimer,Normal Monster,3,Aqua,WATER,850,400
Photon Caesar,Effect Monster,8,Warrior,LIGHT,2000,2800
Gladiator Beast Samnite,Effect Monster,3,Beast,EARTH,1600,1200
Substitoad,Effect Monster,1,Aqua,WATER,100,2000
Mist Valley Soldier,Tuner Monster,4,Winged Beast,WIND,1700,300
Rose Spectre of Dunn,Fusion Monster,6,Plant,DARK,2000,1800
Darklord Nurse Reficule,Effect Monster,4,Fairy,DARK,1400,600
Gem-Knight Amber,Gemini Monster,4,Thunder,EARTH,1600,1400
A-to-Z-Dragon Buster Cannon,Fusion Monster,10,Machine,LIGHT,4000,4000
Black Ray Lancer,XYZ Monster,3,Beast-Warrior,DARK,2100,600
Yosenju Magat,Effect Monster,6,Beast,WIND,2000,100
Evilswarm Nightmare,XYZ Monster,4,Fiend,DARK,950,1950
Stinging Swordsman,Effect Monster,1,Warrior,WIND,300,600
Duck Fighter,Effect Monster,3,Machine,WIND,1300,1400
Neo Flamvell Garuda,Effect Monster,3,Pyro,FIRE,1200,1800
HTS Psyhemuth,Synchro Monster,6,Psychic,EARTH,2400,1800
Sylvan Lotuswain,Effect Monster,5,Plant,WATER,2300,1100
Totem Dragon,Effect Monster,2,Dragon,EARTH,400,200
Twilight Ninja Nichirin the Chunin,Effect Monster,6,Warrior,DARK,2300,1000
PSY-Frame Multi-Threader,Effect Monster,6,Psychic,LIGHT,0,2500
Junkuriboh,Effect Monster,1,Machine,EARTH,300,200
True King Lithosagym the Disaster,Effect Monster,9,Wyrm,EARTH,2500,2300
Karate Man,Effect Monster,3,Warrior,EARTH,1000,1000
Destiny End Dragoon,Fusion Monster,10,Warrior,DARK,3000,3000
Phantom Magician,Effect Monster,3,Spellcaster,DARK,600,700
Evilswarm Salamandra,Effect Monster,4,Dinosaur,DARK,1850,950
Cyberdarkness Dragon,Fusion Monster,10,Machine,DARK,2000,2000
Gishki Avance,Effect Monster,4,Spellcaster,WATER,1500,800
Darknight Parshath,Effect Monster,5,Fairy,DARK,1900,1400
XX-Saber Gottoms,Synchro Monster,9,Beast-Warrior,EARTH,3100,2600
Neo Blue-Eyes Ultimate Dragon,Fusion Monster,12,Dragon,LIGHT,4500,3800
XX-Saber Garsem,Effect Monster,4,Beast,EARTH,1400,400
Stone Statue of the Aztecs,Effect Monster,4,Rock,EARTH,300,2000
Shapesnatch,Normal Monster,5,Machine,DARK,1200,1700
Nimble Momonga,Effect Monster,2,Beast,EARTH,1000,100
Steel Ogre Grotto 1,Normal Monster,5,Machine,EARTH,1400,1800
Cyber Prima,Effect Monster,6,Warrior,LIGHT,2300,1600
Masked HERO Anki,Fusion Monster,8,Warrior,DARK,2800,1200
Alien Hunter,Effect Monster,4,Reptile,WATER,1600,800
Invoked Mechaba,Fusion Monster,9,Machine,LIGHT,2500,2100
Fluffal Wings,Effect Monster,1,Fairy,LIGHT,100,100
Bujingi Fox,Effect Monster,4,Beast,LIGHT,200,2100
D.D. Sprite,Tuner Monster,1,Fairy,LIGHT,0,100
Star Boy,Effect Monster,2,Aqua,WATER,550,500
ZW - Ultimate Shield,Effect Monster,4,Aqua,EARTH,0,2000
D.D. Crow,Effect Monster,1,Winged Beast,DARK,100,100
Cryomancer of the Ice Barrier,Tuner Monster,2,Aqua,WATER,1300,0
Spiritual Beast Pettlephin,Effect Monster,4,Aqua,WIND,0,2000
Kaibaman,Effect Monster,3,Warrior,LIGHT,200,700
Ghostrick Witch,Effect Monster,2,Spellcaster,DARK,1200,200
Koa ki Meiru Hydro Barrier,Effect Monster,3,Aqua,WATER,1000,1900
Gemini Lancer,Gemini Monster,4,Sea Serpent,WATER,1800,1400
Condemned Maiden,Effect Monster,4,Fairy,LIGHT,100,2000
Gogogo Golem,Effect Monster,4,Rock,EARTH,1800,1500
Galaxy Tyranno,Effect Monster,8,Dinosaur,LIGHT,2000,0
Sharkraken,Effect Monster,6,Fish,WATER,2400,2100
Performapal Springoose,Effect Monster,5,Winged Beast,WIND,1100,2400
Meteor Dragon,Normal Monster,6,Dragon,EARTH,1800,2000
Zanki,Normal Monster,5,Warrior,EARTH,1500,1700
Sonic Warrior,Effect Monster,2,Warrior,WIND,1000,0
Nikitama,Spirit Monster,4,Fairy,LIGHT,800,1800
Mecha Phantom Beast Hamstrat,Effect Monster,3,Machine,WIND,1100,1600
Destiny HERO - Departed,Effect Monster,2,Warrior,DARK,1000,0
Performapal Sword Fish,Effect Monster,2,Fish,WATER,600,600
Harpie Dancer,Effect Monster,4,Winged Beast,WIND,1200,1000
Naturia Rock,Effect Monster,3,Rock,EARTH,1200,1200
Mystic Horseman,Normal Monster,4,Beast,EARTH,1300,1550
Doctor Cranium,Effect Monster,1,Psychic,EARTH,100,100
Karakuri Spider,Effect Monster,2,Machine,EARTH,400,500
Red-Eyes B. Dragon,Normal Monster,7,Dragon,DARK,2400,2000
Zombie Mammoth,Effect Monster,4,Zombie,EARTH,1900,0
Mefist the Infernal General,Effect Monster,5,Fiend,DARK,1800,1700
Jurrac Spinos,Effect Monster,7,Dinosaur,FIRE,2600,1700
Heroic Challenger - Assault Halberd,Effect Monster,4,Warrior,EARTH,1800,200
Frightfur Tiger,Fusion Monster,6,Fiend,DARK,1900,1200
Red-Eyes B. Dragon,Normal Monster,7,Dragon,DARK,2400,2000
Inzektor Centipede,Effect Monster,3,Insect,DARK,1600,1200
The Six Samurai - Yaichi,Effect Monster,3,Warrior,WATER,1300,800
Fluffal Cat,Effect Monster,1,Fairy,EARTH,700,300
Performapal Cheermole,Pendulum Effect Monster,2,Beast,EARTH,600,1000
Morphtronic Vacuumen,Effect Monster,1,Machine,WIND,0,0
Giant Soldier of Stone,Normal Monster,3,Rock,EARTH,1300,2000
Dread Dragon,Tuner Monster,2,Dragon,FIRE,1100,400
Deskbot 004,Effect Monster,4,Machine,EARTH,500,500
Windwitch - Snow Bell,Tuner Monster,1,Spellcaster,WIND,100,100
Grand Tiki Elder,Normal Monster,4,Fiend,DARK,1500,800
Shark Caesar,XYZ Monster,3,Fish,WATER,1800,2000
Magician s Rod,Effect Monster,3,Spellcaster,DARK,1600,100
The Blazing Mars,Effect Monster,8,Pyro,FIRE,2600,2200
Ghost Ship,Effect Monster,5,Fiend,LIGHT,1900,1000
Iron Blacksmith Kotetsu,Flip Effect Monster,2,Beast-Warrior,FIRE,500,500
Decoyroid,Effect Monster,2,Machine,WIND,300,500
Thestalos the Firestorm Monarch,Effect Monster,6,Pyro,FIRE,2400,1000
Rockstone Warrior,Effect Monster,4,Rock,EARTH,1800,1600
Genex Ally Chemistrer,Tuner Monster,2,Machine,DARK,200,500
Graydle Dragon,Synchro Monster,8,Aqua,WATER,3000,2000
Unknown Synchron,Tuner Monster,1,Machine,DARK,0,0
The Fabled Catsith,Tuner Monster,1,Beast,LIGHT,800,600
Allure Queen LV5,Effect Monster,5,Spellcaster,DARK,1000,1000
Exodia Necross,Effect Monster,4,Spellcaster,DARK,1800,0
Koalo-Koala,Fusion Monster,6,Beast,EARTH,2800,200
Herald of Perfection,Ritual Effect Monster,6,Fairy,LIGHT,1800,2800
Crimson Blader,Synchro Monster,8,Warrior,FIRE,2800,2600
Tatsunootoshigo,Normal Monster,5,Beast,EARTH,1350,1600
Y-Dragon Head,Union Effect Monster,4,Machine,LIGHT,1500,1600
Hieratic Sun Dragon Overlord of Heliopolis,XYZ Monster,8,Dragon,LIGHT,3000,2400
Stone Armadiller,Normal Monster,3,Rock,EARTH,800,1200
The 13th Grave,Normal Monster,3,Zombie,DARK,1200,900
Charubin the Fire Knight,Fusion Monster,3,Pyro,FIRE,1100,800
Madolche Butlerusk,Effect Monster,4,Spellcaster,EARTH,1500,800
Psychic Nightmare,Synchro Monster,6,Psychic,WIND,2400,1800
The Phantom Knights of Silent Boots,Effect Monster,3,Warrior,DARK,200,1200
Necro Gardna,Effect Monster,3,Warrior,DARK,600,1300
Obese Marmot of Nefariousness,Normal Monster,3,Beast,EARTH,750,800
Magician of Dark Illusion,Effect Monster,7,Spellcaster,DARK,2100,2500
Stardust Warrior,Synchro Monster,10,Warrior,WIND,3000,2500
Psychic Lifetrancer,Synchro Monster,7,Psychic,EARTH,2400,2000
Vylon Tetra,Tuner Monster,2,Machine,LIGHT,900,900
KA-2 Des Scissors,Effect Monster,4,Machine,DARK,1000,1000
Salvage Warrior,Effect Monster,5,Warrior,WATER,1900,1600
Zoodiac Boarbow,XYZ Monster,4,Beast-Warrior,EARTH,0,0
Ally of Justice Reverse Break,Effect Monster,4,Machine,DARK,1200,1200
Vylon Sigma,Synchro Monster,7,Fairy,LIGHT,1800,1000
Dinomist Pteran,Pendulum Effect Monster,4,Machine,WATER,1800,1200
Hitotsu-Me Giant,Normal Monster,4,Beast-Warrior,EARTH,1200,1000
Cu Chulainn the Awakened,Ritual Effect Monster,4,Warrior,LIGHT,500,1000
Gundari,Spirit Monster,4,Pyro,FIRE,1000,200
Armed Dragon LV10,Effect Monster,10,Dragon,WIND,3000,2000
Genex Turbine,Effect Monster,4,Machine,EARTH,1400,1300
Light Effigy,Effect Monster,4,Fairy,LIGHT,1500,0
Cyber Petit Angel,Effect Monster,2,Fairy,LIGHT,300,200
Phantom Beast Rock-Lizard,Effect Monster,7,Beast-Warrior,DARK,2200,2000
Fenrir the Nordic Wolf,Effect Monster,10,Beast,DARK,4000,4000
Infernoid Antra,Effect Monster,2,Fiend,FIRE,0,2000
Gaap the Divine Soldier,Effect Monster,6,Fiend,DARK,2200,2000
Blackwing - Vayu the Emblem of Honor,Tuner Monster,1,Winged Beast,DARK,800,0
Traptrix Nepenthes,Effect Monster,4,Plant,EARTH,800,2000
Lunalight Kaleido Chick,Effect Monster,4,Beast-Warrior,DARK,1400,800
Quillbolt Hedgehog,Effect Monster,2,Machine,EARTH,800,800
Fabled Topi,Effect Monster,1,Fiend,LIGHT,500,200
Red-Eyes Black Metal Dragon,Effect Monster,8,Machine,DARK,2800,2400
Muse-A,Normal Monster,3,Fairy,LIGHT,850,900
Edge Imp Frightfuloid,Effect Monster,4,Fiend,DARK,1300,1300
Vylon Disigma,XYZ Monster,4,Fairy,LIGHT,2500,2100
Neo-Spacian Dark Panther,Effect Monster,3,Beast,DARK,1000,500
Cyber Dragon,Effect Monster,5,Machine,LIGHT,2100,1600
Heroic Champion - Excalibur,XYZ Monster,4,Warrior,LIGHT,2000,2000
Odd-Eyes Dragon,Effect Monster,7,Dragon,DARK,2500,2000
Dark Cat with White Tail,Flip Effect Monster,2,Beast,EARTH,800,500
Fiend Kraken,Normal Monster,4,Aqua,WATER,1200,1400
Mazera DeVille,Effect Monster,8,Fiend,DARK,2800,2300
Genex Searcher,Effect Monster,4,Machine,EARTH,1600,400
Psi-Blocker,Effect Monster,4,Psychic,WIND,1200,300
Mecha Phantom Beast Kalgriffin,Effect Monster,7,Machine,WIND,1000,2500
Ghostrick Specter,Effect Monster,1,Fiend,DARK,600,0
Splendid Venus,Effect Monster,8,Fairy,LIGHT,2800,2400
Levia-Dragon - Daedalus,Effect Monster,7,Sea Serpent,WATER,2600,1500
Evigishki Mind Augus,Ritual Effect Monster,6,Aqua,WATER,2500,2000
Roboyarou,Normal Monster,3,Machine,EARTH,900,450
Carrierroid,Effect Monster,4,Machine,WATER,1000,800
Element Soldier,Effect Monster,4,Fiend,DARK,1500,1200
Synkron Resonator,Tuner Monster,1,Fiend,DARK,100,100
Volcanic Shell,Effect Monster,1,Pyro,FIRE,100,0
Destiny HERO - Malicious,Effect Monster,6,Warrior,DARK,800,800
Fairy King Truesdale,Effect Monster,6,Plant,WATER,2200,1500
Rose Witch,Effect Monster,4,Plant,EARTH,1600,1000
Machine King,Effect Monster,6,Machine,EARTH,2200,2000
Batteryman AA,Effect Monster,3,Thunder,LIGHT,0,0
Extra Veiler,Effect Monster,2,Spellcaster,LIGHT,600,200
Prediction Princess Petalelf,Flip Effect Monster,3,Fairy,EARTH,800,700
Laval Burner,Effect Monster,5,Pyro,FIRE,2100,1000
Mental Seeker,Tuner Monster,3,Psychic,EARTH,800,600
Calcab Malebranche of the Burning Abyss,Effect Monster,3,Fiend,DARK,1400,0
Cyber Angel Benten,Ritual Effect Monster,6,Fairy,LIGHT,1800,1500
Shadow Ghoul,Effect Monster,5,Zombie,DARK,1600,1300
Kozmo Soartroopers,Effect Monster,3,Psychic,DARK,1000,1000
Enraged Battle Ox,Effect Monster,4,Beast-Warrior,EARTH,1700,1000
Skull Knight 2,Effect Monster,3,Fiend,DARK,1000,1200
Candle of Fate,Normal Monster,2,Fiend,DARK,600,600
Cyber Blader,Fusion Monster,7,Warrior,EARTH,2100,800
Elemental HERO The Shining,Fusion Monster,8,Warrior,LIGHT,2600,2100
Tatsunoko,Synchro Tuner Monster,3,Wyrm,WATER,1700,500
Deskbot 009,Effect Monster,9,Machine,EARTH,500,500
Aria the Melodious Diva,Effect Monster,4,Fairy,LIGHT,1600,1200
Cyber Commander,Normal Monster,2,Machine,DARK,750,700
Absolute Crusader,Effect Monster,4,Warrior,EARTH,1800,1200
Gravekeeper s Shaman,Effect Monster,6,Spellcaster,DARK,1500,1500
Vylon Omega,Synchro Monster,10,Fairy,LIGHT,3200,1900
Endless Decay,Effect Monster,5,Zombie,DARK,0,0
Fiend s Mirror,Ritual Monster,6,Fiend,DARK,2100,1800
Armored Zombie,Normal Monster,3,Zombie,DARK,1500,0
Chiron the Mage,Effect Monster,4,Beast-Warrior,EARTH,1800,1000
Magna-Slash Dragon,Effect Monster,6,Dragon,LIGHT,2400,1200
Gaia the Polar Knight,Effect Monster,4,Warrior,DARK,1600,1200
Vylon Pentachloro,Union Effect Monster,4,Machine,LIGHT,500,400
M-Warrior 1,Normal Monster,3,Warrior,EARTH,1000,500
Superheavy Samurai General Jade,Pendulum Effect Monster,8,Machine,EARTH,1800,2800
Octoberser,Normal Monster,5,Aqua,WATER,1600,1400
Chaosrider Gustaph,Effect Monster,4,Warrior,WIND,1400,1500
Ritual Beast Ulti-Pettlephin,Fusion Monster,6,Aqua,WIND,200,2800
Dragon Master Knight,Fusion Monster,12,Dragon,LIGHT,5000,5000
Dunames Dark Witch,Normal Monster,4,Fairy,LIGHT,1800,1050
Aquaactress Tetra,Effect Monster,1,Aqua,WATER,300,300
Yellow Duston,Effect Monster,1,Fiend,EARTH,0,1000
Drill Synchron,Tuner Monster,3,Machine,EARTH,800,300
Masked Chameleon,Tuner Monster,4,Reptile,EARTH,1600,1100
Dark Gray,Normal Monster,3,Beast,EARTH,800,900
Evoltile Lagosucho,Effect Monster,3,Reptile,FIRE,1200,500
Hade-Hane,Flip Effect Monster,5,Beast,EARTH,900,1000
Twin Photon Lizard,Fusion Monster,6,Dragon,LIGHT,2400,1000
Earthquake Giant,Effect Monster,5,Rock,EARTH,1600,2100
Mystery Hand,Normal Monster,2,Fiend,DARK,500,500
Blue-Eyes Shining Dragon,Effect Monster,10,Dragon,LIGHT,3000,2500
LaLa Li-Oon,Normal Monster,2,Thunder,WIND,600,600
Chu-Ske the Mouse Fighter,Normal Monster,3,Beast,EARTH,1200,0
CXyz Comics Hero Legend Arthur,XYZ Monster,5,Warrior,EARTH,3000,2400
Underworld Fighter Balmung,Synchro Monster,4,Warrior,DARK,2100,800
Raidraptor - Booster Strix,Effect Monster,4,Winged Beast,DARK,100,1700
Malacoda Netherlord of the Burning Abyss,Ritual Effect Monster,6,Fiend,DARK,2700,2200
Ghostrick Stein,Effect Monster,3,Zombie,DARK,1600,0
Morphtronic Boarden,Effect Monster,3,Machine,EARTH,500,1800
Spirit of the Pot of Greed,Effect Monster,1,Fairy,LIGHT,100,100
Flame Viper,Normal Monster,2,Pyro,EARTH,400,450
Snakeyashi,Normal Monster,4,Plant,EARTH,1000,1200
Great Phantom Thief,Effect Monster,3,Spellcaster,EARTH,1000,1000
Lord Poison,Effect Monster,4,Plant,WATER,1500,1000
Superheavy Samurai Big Waraji,Effect Monster,5,Machine,EARTH,800,1800
Madolche Anjelly,Effect Monster,4,Fairy,EARTH,1000,1000
Shreddder,Effect Monster,4,Machine,EARTH,1600,1000
Mist Bird Clausolas,Synchro Monster,3,Winged Beast,WIND,0,2300
The Masked Beast,Ritual Monster,8,Fiend,DARK,3200,1800
Performapal Fireflux,Pendulum Effect Monster,4,Insect,LIGHT,1200,1600
Bunilla,Normal Monster,1,Beast,EARTH,150,2050
Armaill,Normal Monster,3,Warrior,EARTH,700,1300
Felis Lightsworn Archer,Tuner Monster,4,Beast-Warrior,LIGHT,1100,2000
Dark Paladin,Fusion Monster,8,Spellcaster,DARK,2900,2400
Ancient Gear Beast,Effect Monster,6,Machine,EARTH,2000,2000
Skull Knight,Fusion Monster,7,Spellcaster,DARK,2650,2250
Peten the Dark Clown,Effect Monster,3,Spellcaster,DARK,500,1200
Gwenhwyfar Queen of Noble Arms,Effect Monster,2,Spellcaster,LIGHT,300,300
Elemental HERO Rampart Blaster,Fusion Monster,6,Warrior,EARTH,2000,2500
Air Armor Ninja,Effect Monster,4,Warrior,WIND,1400,1400
Hyozanryu,Normal Monster,7,Dragon,LIGHT,2100,2800
Rodenut,Effect Monster,1,Beast,EARTH,100,100
Malice Ascendant,Effect Monster,4,Zombie,DARK,700,1000
Blood Mefist,Synchro Monster,8,Fiend,DARK,2800,1300
Libic Malebranche of the Burning Abyss,Effect Monster,3,Fiend,DARK,1300,700
Rhaimundos of the Red Sword,Normal Monster,4,Warrior,EARTH,1200,1300
Cyber Dragon Infinity,XYZ Monster,6,Machine,LIGHT,2100,1600
Kuriboh,Effect Monster,1,Fiend,DARK,300,200
Slot Machine,Normal Monster,7,Machine,DARK,2000,2300
Mon Larvas,Normal Monster,4,Beast,EARTH,1300,1400
Flamvell Guard,Normal Tuner Monster,1,Dragon,FIRE,100,2000
Ghostrick Warwolf,Effect Monster,3,Zombie,DARK,1400,1500
Mystic Swordsman LV2,Effect Monster,2,Warrior,EARTH,900,0
Igknight Champion,Effect Monster,8,Warrior,FIRE,2800,2300
Iron Chain Dragon,Synchro Monster,6,Dragon,EARTH,2500,1300
Speedroid Double Yoyo,Effect Monster,4,Machine,WIND,1400,1400
Gameciel the Sea Turtle Kaiju,Effect Monster,8,Aqua,WATER,2200,3000
Rider of the Storm Winds,Tuner Monster,1,Dragon,LIGHT,500,200
Graydle Alligator,Effect Monster,3,Aqua,WATER,500,1500
Yazi Evil of the Yang Zing,Synchro Monster,7,Wyrm,DARK,2600,2100
Darklord Amdusc,Effect Monster,6,Fairy,DARK,1800,2800
Snapdragon,Effect Monster,2,Plant,EARTH,300,100
Wattsquirrel,Effect Monster,3,Thunder,LIGHT,700,100
Sorcerer of Dark Magic,Effect Monster,9,Spellcaster,DARK,3200,2800
Metalfoes Orichalc,Fusion Monster,8,Psychic,FIRE,2800,2200
Symphonic Warrior Guitaar,Pendulum Effect Monster,3,Machine,WIND,1500,100
Dark Lucius LV8,Effect Monster,8,Fiend,EARTH,2800,900
Soul-Absorbing Bone Tower,Effect Monster,3,Zombie,DARK,400,1500
Aegaion the Sea Castrum,XYZ Monster,8,Machine,WATER,0,3000
Ally of Justice Nullfier,Effect Monster,4,Machine,DARK,1600,1200
Assault Blackwing - Sayo the Rain Hider,Synchro Monster,2,Winged Beast,DARK,800,100
Heroic Champion - Gandiva,XYZ Monster,4,Warrior,EARTH,2100,1800
Magician s Robe,Effect Monster,2,Spellcaster,DARK,700,2000
Queen of Thorns,Synchro Monster,6,Plant,LIGHT,2200,1800
Axe Raider,Normal Monster,4,Warrior,EARTH,1700,1150
Dark Bug,Effect Monster,1,Insect,DARK,100,100
Superheavy Samurai Trumpeter,Tuner Monster,2,Machine,EARTH,300,600
Thunder Unicorn,Synchro Monster,5,Beast,LIGHT,2200,1800
Backup Warrior,Effect Monster,5,Warrior,EARTH,2100,0
Phantom Gryphon,Normal Monster,4,Winged Beast,WIND,2000,0
Fenghuang,Spirit Monster,6,Winged Beast,FIRE,2100,1800
Jellyfish,Normal Monster,4,Aqua,WATER,1200,1500
Balloon Lizard,Effect Monster,4,Reptile,EARTH,500,1900
Gishki Diviner,Effect Monster,3,Sea Serpent,WATER,1200,800
Performapal Bowhopper,Effect Monster,4,Insect,EARTH,1500,1000
XY-Dragon Cannon,Fusion Monster,6,Machine,LIGHT,2200,1900
Blackwing - Ghibli the Searing Wind,Effect Monster,3,Winged Beast,DARK,0,1600
Armed Protector Dragon,Effect Monster,8,Dragon,LIGHT,2000,2800
Super Vehicroid Jumbo Drill,Fusion Monster,8,Machine,EARTH,3000,2000
Battlin  Boxer Counterpunch,Effect Monster,3,Warrior,FIRE,0,1100
Soitsu,Normal Monster,3,Fairy,WIND,0,0
Naturia Beans,Effect Monster,2,Plant,EARTH,100,1200
Chaos Ancient Gear Giant,Fusion Monster,10,Machine,DARK,4500,3000
Explosive Magician,Synchro Monster,6,Spellcaster,LIGHT,2500,1800
Master of the Flaming Dragonswords,Effect Monster,4,Warrior,FIRE,1800,1200
Fabled Soulkius,Effect Monster,6,Fiend,LIGHT,2200,2100
Performance of Sword,Ritual Monster,6,Warrior,EARTH,1950,1850
Yormungarde,Normal Monster,3,Reptile,EARTH,1200,900
Igknight Paladin,Pendulum Normal Monster,4,Warrior,FIRE,1400,1900
Gravekeeper s Curse,Effect Monster,3,Spellcaster,DARK,800,800
Kozmo Dark Destroyer,Effect Monster,8,Machine,DARK,3000,1800
Meklord Astro Mekanikle,Effect Monster,12,Machine,LIGHT,4000,4000
Submersible Carrier Aero Shark,XYZ Monster,3,Fish,WATER,1900,1000
Dark Ruler Ha Des,Effect Monster,6,Fiend,DARK,2450,1600
Tongyo,Normal Monster,4,Fish,WATER,1350,800
Numeral Hunter,Effect Monster,4,Warrior,LIGHT,1600,1400
The Six Samurai - Nisashi,Effect Monster,4,Warrior,WIND,1400,700
Morphtronic Magnen Bar,Effect Monster,1,Thunder,EARTH,100,100
Leghul,Effect Monster,1,Insect,EARTH,300,350
Goddess of Whim,Effect Monster,3,Fairy,LIGHT,950,700
Gren Maju Da Eiza,Effect Monster,3,Fiend,FIRE,0,0
Evilswarm Kerykeion,Effect Monster,4,Spellcaster,DARK,1600,1550
Flame Tiger,Effect Monster,4,Beast,FIRE,1800,0
An Owl of Luck,Flip Effect Monster,2,Winged Beast,WIND,300,500
Geargiano,Effect Monster,3,Machine,EARTH,500,1000
Cyber Falcon,Normal Monster,4,Machine,WIND,1400,1200
Fishborg Doctor,Effect Monster,4,Fish,WATER,400,400
Mokey Mokey King,Fusion Monster,6,Fairy,LIGHT,300,100
Element Doom,Effect Monster,4,Fiend,DARK,1500,1200
D.D. Scout Plane,Effect Monster,2,Machine,DARK,800,1200
Inaba White Rabbit,Spirit Monster,3,Beast,EARTH,700,500
Blaster Dragon Ruler of Infernos,Effect Monster,7,Dragon,FIRE,2800,1800
Rescue Hamster,Pendulum Effect Monster,4,Beast,EARTH,300,100
Zefraniu Secret of the Yang Zing,Pendulum Effect Monster,6,Wyrm,EARTH,0,2600
Ceruli Guru of Dark World,Effect Monster,1,Fiend,DARK,100,300
Jutte Fighter,Tuner Monster,2,Warrior,EARTH,700,900
Robotic Knight,Normal Monster,4,Machine,FIRE,1600,1800
Ash Blossom & Joyous Spring,Tuner Monster,3,Zombie,FIRE,0,1800
Senju of the Thousand Hands,Effect Monster,4,Fairy,LIGHT,1400,1000
Edge Imp Chain,Effect Monster,4,Fiend,DARK,1200,1800
The Creator,Effect Monster,8,Thunder,LIGHT,2300,3000
Reeze Whirlwind of Gusto,Effect Monster,5,Psychic,WIND,1900,1400
Flower Cardian Zebra Grass,Effect Monster,8,Warrior,DARK,100,100
Dark Magician,Normal Monster,7,Spellcaster,DARK,2500,2100
Doom Virus Dragon,Fusion Monster,4,Dragon,DARK,1900,1500
Mecha Phantom Beast Megaraptor,Effect Monster,4,Machine,WIND,1900,1000
Abyss Actor - Superstar,Pendulum Effect Monster,7,Fiend,DARK,2500,1800
Time Maiden,Effect Monster,1,Fairy,LIGHT,0,0
Bladefly,Effect Monster,2,Insect,WIND,600,700
Morphtronic Smartfon,Tuner Monster,1,Machine,EARTH,100,100
Manticore of Darkness,Effect Monster,6,Beast-Warrior,FIRE,2300,1000
Risebell the Star Psycher,Effect Monster,4,Psychic,WIND,1500,1500
Pilica Descendant of Gusto,Effect Monster,3,Psychic,WIND,1000,1500
Hi-Speedroid Chanbara,Synchro Monster,5,Machine,WIND,2000,1000
Gishki Ariel,Flip Effect Monster,4,Spellcaster,WATER,1000,1800
Goe Goe the Gallant Ninja,Effect Monster,4,Warrior,WIND,1500,1000
Max Warrior,Effect Monster,4,Warrior,WIND,1800,800
Bujin Yamato,Effect Monster,4,Beast-Warrior,LIGHT,1800,200
Great Dezard,Effect Monster,6,Spellcaster,DARK,1900,2300
Silpheed,Effect Monster,4,Fairy,WIND,1700,700
Rose Archer,Effect Monster,3,Warrior,EARTH,1000,100
Royal Guard,Normal Monster,6,Machine,EARTH,1900,2200
Shuttleroid,Effect Monster,4,Machine,WIND,1000,1200
Bickuribox,Fusion Monster,7,Fiend,DARK,2300,2000
Dark Witch,Normal Monster,5,Fairy,LIGHT,1800,1700
Buster Blaster,Union Effect Monster,1,Machine,EARTH,0,0
Ritual Beast Tamer Wen,Effect Monster,3,Psychic,WIND,1500,1000
Acrobat Monkey,Normal Monster,3,Machine,EARTH,1000,1800
Ancient Pixie Dragon,Synchro Monster,7,Dragon,DARK,2100,3000
General Grunard of the Ice Barrier,Effect Monster,8,Warrior,WATER,2800,1000
Sentry Soldier of Stone,Effect Monster,3,Rock,EARTH,1300,2000
Brain Jacker,Flip Effect Monster,2,Fiend,DARK,200,900
Flame Ruler,Effect Monster,4,Pyro,FIRE,1500,1600
Spell Recycler,Effect Monster,1,Spellcaster,DARK,0,0
Performapal Gongato,Pendulum Effect Monster,1,Beast,EARTH,100,100
Guardian Eatos,Effect Monster,8,Fairy,WIND,2500,2000
Assault Beast,Effect Monster,4,Beast-Warrior,EARTH,1900,1200
Gandora-X the Dragon of Demolition,Effect Monster,8,Dragon,DARK,0,0
Mist Condor,Effect Monster,4,Winged Beast,WIND,1400,400
Djinn Demolisher of Rituals,Effect Monster,3,Fiend,DARK,1500,600
Fairy Cheer Girl,XYZ Monster,4,Fairy,LIGHT,1900,1500
Heroic Challenger - Night Watchman,Effect Monster,4,Warrior,EARTH,1200,300
Dragunity Arma Leyvaten,Effect Monster,8,Dragon,WIND,2600,1200
Alien Dog,Effect Monster,3,Reptile,LIGHT,1500,1000
U.A. Mighty Slugger,Effect Monster,5,Warrior,EARTH,2300,700
Genex Recycled,Tuner Monster,1,Machine,DARK,200,400
Pixie Knight,Effect Monster,2,Spellcaster,LIGHT,1300,200
Ryu Kokki,Effect Monster,6,Zombie,DARK,2400,2000
Archfiend Interceptor,Effect Monster,4,Fiend,DARK,1400,1600
Insect Knight,Normal Monster,4,Insect,EARTH,1900,1500
Lunalight Tiger,Pendulum Effect Monster,3,Beast-Warrior,LIGHT,1200,800
Dweller in the Depths,Effect Monster,3,Dragon,EARTH,1500,700
Battlin  Boxer Rib Gardna,Effect Monster,3,Warrior,FIRE,100,1400
Shadow Vampire,Effect Monster,5,Zombie,DARK,2000,0
Worm Opera,Flip Effect Monster,2,Reptile,LIGHT,400,800
Proto-Cyber Dragon,Effect Monster,3,Machine,LIGHT,1100,600
Raidraptor - Necro Vulture,Effect Monster,4,Winged Beast,DARK,1000,1600
Mimir of the Nordic Ascendant,Effect Monster,2,Fairy,DARK,600,0
Grappler,Normal Monster,4,Reptile,WATER,1300,1200
Garvas,Normal Monster,6,Beast,EARTH,2000,1700
Cyber Soldier of Darkworld,Normal Monster,4,Machine,DARK,1400,1200
Level Eater,Effect Monster,1,Insect,DARK,600,0
Magician of Faith,Flip Effect Monster,1,Spellcaster,LIGHT,300,400
Magical Abductor,Pendulum Effect Monster,4,Spellcaster,EARTH,1700,1400
Elemental HERO Flash,Effect Monster,4,Warrior,LIGHT,1100,1600
Construction Train Signal Red,Effect Monster,3,Machine,EARTH,1000,1300
Coach Captain Bearman,Effect Monster,8,Beast-Warrior,FIRE,2600,2700
Swarm of Locusts,Effect Monster,3,Insect,DARK,1000,500
Van Dalgyon the Dark Dragon Lord,Effect Monster,8,Dragon,DARK,2800,2500
Ancient Gear Knight,Gemini Monster,4,Machine,EARTH,1800,500
Wattfox,Tuner Monster,2,Thunder,LIGHT,800,100
Ghostrick Jackfrost,Effect Monster,1,Fiend,DARK,800,100
Red-Eyes B. Dragon,Normal Monster,7,Dragon,DARK,2400,2000
Seiyaryu,Normal Monster,7,Dragon,LIGHT,2500,2300
Elemental HERO Avian,Normal Monster,3,Warrior,WIND,1000,1000
Left Arm of the Forbidden One,Normal Monster,1,Spellcaster,DARK,200,300
Cursed Fig,Effect Monster,1,Plant,WATER,200,200
Vylon Ohm,Effect Monster,4,Fairy,LIGHT,1500,200
Knight of the Red Lotus,Effect Monster,6,Warrior,FIRE,2100,1800
Arcane Apprentice,Tuner Monster,2,Spellcaster,FIRE,1000,400
Totem Five,Effect Monster,3,Rock,FIRE,500,200
Herald of Pure Light,XYZ Monster,2,Fairy,LIGHT,600,1000
Pinecono,Effect Monster,1,Plant,EARTH,400,200
Blowback Dragon,Effect Monster,6,Machine,DARK,2300,1200
Arcana Force III - The Empress,Effect Monster,4,Fairy,LIGHT,1300,1300
Getsu Fuhma,Effect Monster,4,Warrior,DARK,1700,1200
Cannonball Spear Shellfish,Effect Monster,2,Aqua,WATER,1000,1000
Pyrorex the Elemental Lord,Effect Monster,8,Dinosaur,FIRE,2800,2200
Pendulum Machine,Normal Monster,6,Machine,DARK,1750,2000
Armityle the Chaos Phantom,Fusion Monster,12,Fiend,DARK,0,0
Phoenix Gearfried,Gemini Monster,8,Warrior,FIRE,2800,2200
Scary Moth,Effect Monster,6,Insect,WIND,1800,2300
Kurivolt,Effect Monster,1,Thunder,LIGHT,300,200
Mimimic,Effect Monster,3,Machine,EARTH,300,300
Enchanting Mermaid,Normal Monster,3,Fish,WATER,1200,900
Gearfried the Iron Knight,Effect Monster,4,Warrior,EARTH,1800,1600
Wynn the Wind Charmer,Flip Effect Monster,3,Spellcaster,WIND,500,1500
Lavalval Chain,XYZ Monster,4,Sea Serpent,FIRE,1800,1000
Twin Long Rods 2,Normal Monster,3,Aqua,WATER,850,700
Crystron Prasiortle,Effect Monster,2,Machine,WATER,500,2000
Tripwire Beast,Normal Monster,4,Thunder,EARTH,1200,1300
Gogogo Ghost,Effect Monster,4,Zombie,DARK,1900,0
Humpty Grumpty,Effect Monster,3,Zombie,DARK,1400,0
Turtle Bird,Normal Monster,6,Aqua,WATER,1900,1700
Acid Crawler,Normal Monster,3,Insect,EARTH,900,700
Hundred-Footed Horror,Effect Monster,7,Insect,DARK,2600,1300
Megasonic Eye,Normal Monster,5,Machine,DARK,1500,1800
Mei-Kou Master of Barriers,Effect Monster,4,Spellcaster,LIGHT,1700,600
Ocean Dragon Lord - Neo-Daedalus,Effect Monster,8,Sea Serpent,WATER,2900,1600
Crystal Beast Amber Mammoth,Effect Monster,4,Beast,EARTH,1700,1600
Interceptomato,Effect Monster,2,Plant,EARTH,800,800
T.G. Warwolf,Effect Monster,3,Beast-Warrior,DARK,1200,0
Big Whale,Effect Monster,9,Fish,WATER,1000,3000
Worm King,Effect Monster,8,Reptile,LIGHT,2700,1100
Nekroz of Sophia,Ritual Effect Monster,11,Spellcaster,LIGHT,3600,3400
The Winged Dragon of Ra,Effect Monster,10,Divine-Beast,DIVINE,0,0
Chaos-End Master,Tuner Monster,3,Warrior,LIGHT,1500,1000
Rocket Hermos Cannon,Fusion Monster,4,Warrior,LIGHT,1500,1300
Creeping Doom Manta,Effect Monster,3,Fish,WATER,1300,1200
Kuraz the Light Monarch,Effect Monster,6,Warrior,LIGHT,2400,1000
Bujingi Pavo,Effect Monster,4,Winged Beast,LIGHT,1700,800
Sleeping Lion,Normal Monster,4,Beast,EARTH,700,1700
Magical Scientist,Effect Monster,1,Spellcaster,DARK,300,300
Cure Mermaid,Effect Monster,4,Fish,WATER,1500,800
Starliege Paladynamo,XYZ Monster,4,Warrior,LIGHT,2000,1000
Chirubime Princess of Autumn Leaves,Effect Monster,8,Plant,EARTH,1800,2800
X-Saber Axel,Effect Monster,1,Beast-Warrior,EARTH,400,100
R-Genex Accelerator,Effect Monster,4,Machine,WIND,1500,1900
Arsenal Bug,Effect Monster,3,Insect,EARTH,2000,2000
Morphtronic Datatron,Effect Monster,3,Pyro,FIRE,1200,600
Vampire Genesis,Effect Monster,8,Zombie,DARK,3000,2100
Tellarknight Ptolemaeus,XYZ Monster,4,Warrior,LIGHT,550,2600
Oilman,Union Effect Monster,2,Machine,EARTH,400,400
Koa ki Meiru Speeder,Effect Monster,3,Machine,WIND,1200,2200
Silent Paladin,Effect Monster,4,Fairy,LIGHT,500,1500
Lunalight Wolf,Pendulum Effect Monster,6,Beast-Warrior,LIGHT,2000,1800
Trigon,Union Effect Monster,3,Dragon,FIRE,500,1700
Photon Thrasher,Effect Monster,4,Warrior,LIGHT,2100,0
Cyborg Doctor,Effect Monster,4,Spellcaster,EARTH,1500,1700
Evilswarm Bahamut,XYZ Monster,4,Dragon,DARK,2350,1350
Infernity Guardian,Effect Monster,4,Fiend,DARK,1200,1700
Blackwing - Gofu the Vague Shadow,Tuner Monster,5,Winged Beast,DARK,0,0
Artifact Vajra,Effect Monster,5,Fairy,LIGHT,1800,1900
Sunlight Unicorn,Effect Monster,4,Beast,LIGHT,1800,1000
Gagaga Magician,Effect Monster,4,Spellcaster,DARK,1500,1000
Valerifawn Mystical Beast of the Forest,Tuner Monster,2,Beast,EARTH,400,900
King of Yamimakai,Normal Monster,5,Fiend,DARK,2000,1530
D.3.S. Frog,Fusion Monster,8,Aqua,WATER,2500,2000
Mystical Sheep 1,Effect Monster,3,Beast,EARTH,1150,900
Destiny HERO - Defender,Effect Monster,4,Warrior,DARK,100,2700
Junk Defender,Effect Monster,3,Warrior,EARTH,500,1800
Crawling Dragon 2,Normal Monster,4,Dinosaur,EARTH,1600,1200
Defender the Magical Knight,Effect Monster,4,Spellcaster,LIGHT,1600,2000
Morphtronic Staplen,Effect Monster,4,Machine,EARTH,1400,1000
Tao the Chanter,Normal Monster,3,Spellcaster,EARTH,1200,900
Parrot Dragon,Normal Monster,5,Dragon,WIND,2000,1300
Evilswarm Azzathoth,Flip Effect Monster,4,Reptile,DARK,750,1950
Evilswarm Ketos,Effect Monster,4,Aqua,DARK,1750,1050
Lich Lord King of the Underworld,Effect Monster,6,Zombie,DARK,2400,1200
Winged Dragon Guardian of the Fortress 2,Normal Monster,4,Winged Beast,WIND,1200,1000
The Hunter with 7 Weapons,Effect Monster,3,Warrior,EARTH,1000,600
Hercules Beetle,Normal Monster,5,Insect,EARTH,1500,2000
Machina Sniper,Effect Monster,4,Machine,EARTH,1800,800
Gokibore,Normal Monster,4,Insect,EARTH,1200,1400
Medium of the Ice Barrier,Effect Monster,7,Spellcaster,WATER,2200,1600
Combo Fighter,Effect Monster,4,Warrior,WIND,1600,800
Alligator s Sword,Normal Monster,4,Beast,EARTH,1500,1200
Outstanding Dog Marron,Effect Monster,1,Beast,LIGHT,100,100
Blackwing - Kogarashi the Wanderer,Tuner Monster,6,Winged Beast,DARK,2300,1600
Destiny HERO - Dogma,Effect Monster,8,Warrior,DARK,3400,2400
Guardian Sphinx,Effect Monster,5,Rock,EARTH,1700,2400
Lucky Trinket,Normal Monster,2,Spellcaster,LIGHT,600,800
Scrap Recycler,Effect Monster,3,Machine,EARTH,900,1200
Red Dragon Archfiend,Synchro Monster,8,Dragon,DARK,3000,2000
Castle of Dark Illusions,Flip Effect Monster,4,Fiend,DARK,920,1930
Destiny HERO - Decider,Effect Monster,4,Warrior,DARK,1600,1000
Kuriphoton,Effect Monster,1,Fiend,LIGHT,300,200
Darklord Nasten,Effect Monster,7,Fairy,DARK,2600,2600
Pinch Hopper,Effect Monster,4,Insect,EARTH,1000,1200
Worm Illidan,Effect Monster,5,Reptile,LIGHT,2000,1800
Cocoon of Evolution,Effect Monster,3,Insect,EARTH,0,2000
Dododo Bot,Effect Monster,4,Machine,EARTH,1800,1900
Naturia Sunflower,Effect Monster,2,Plant,EARTH,500,0
Cyber Dragon Core,Effect Monster,2,Machine,LIGHT,400,1500
Destiny HERO - Diamond Dude,Effect Monster,4,Warrior,DARK,1400,1600
Vylon Stella,Tuner Monster,3,Fairy,LIGHT,1400,200
Testudo erat Numen,Effect Monster,1,Aqua,WATER,0,1800
Neo-Spacian Air Hummingbird,Effect Monster,3,Winged Beast,WIND,800,600
Evolsaur Darwino,Effect Monster,5,Dinosaur,FIRE,2200,700
Zoodiac Bunnyblast,Effect Monster,4,Beast-Warrior,EARTH,800,800
Total Defense Shogun,Effect Monster,6,Warrior,DARK,1550,2500
Tiras Keeper of Genesis,XYZ Monster,5,Fairy,LIGHT,2600,1700
Sylvan Peaskeeper,Effect Monster,1,Plant,WIND,400,100
Bujingi Boar,Effect Monster,4,Beast,LIGHT,1100,1900
Dragoness the Wicked Knight,Fusion Monster,3,Warrior,WIND,1200,900
Amazoness Tiger,Effect Monster,4,Beast,EARTH,1100,1500
Mecha Phantom Beast Dracossack,XYZ Monster,7,Machine,WIND,2600,2200
Evil Dragon Ananta,Effect Monster,8,Reptile,DARK,0,0
Judgment Dragon,Effect Monster,8,Dragon,LIGHT,3000,2600